path	bytes	sha256
DATA_PROTOCOL_SHA256.json	805	fa029efdaff14540abbd61d09f672ce9dff6b91e5ead760999b06c2f9760ad7f
LOCAL_VALIDATION.json	673	b86d7107f3c0f71f37be26557739c8672a8aaa02359c427c4a4ada9d8c2b0036
PACKAGE_REVISION.json	782	848636112d72281773605605e424344b86439d5c32c1312d34c8e2e3d47bc29e
PROVENANCE.json	13542	52214d33c77977870be6c3e6ee3955245ac00b8d3fb40531be3ac96760bfba20
README_CN.md	429	e78891823b6e07eb858eafe218ca3fd914881ed4d190464f4700392a187f3cc9
REFERENCE.json	246	17ec89805473025414c74c70e46655c1244ac98f54169a14e7b3649c311747d8
SHA256SUMS	14857	8cc0f9fde457c93c117974fc220d9e5c5326d9528598626f3095d1ca6d134b8e
compare_results.py	4432	3fbf98dc4139b6611ad6f1bf2719d765710f8506af4e2229c2eefbdd599fc74b
quality_gate.py	1995	91609f4a36950afd3c522aba4ee7fb98f2787d97dc9f7b0afcb1a866ef5116ab
quality_gate.sbatch	1401	1689ada6e747d47f9b08a2c339493356639f141adfabc2e948cf26a57ee07df8
run_official.py	14360	06d4cf2d7ca6e8d7426045cb055ab7080542a64df30b6a0e9f3b6857d63e2d58
scene_prompt.py	7332	ead30641e48ca38103be40c127a491326227092ca39373b9e27368df40c12048
scene_stage1.py	4157	99cd5e783a0fc72585d6e9c65d3af5a41fe7a02891bcfa60b935fcfa53502c24
scene_stage2.py	10513	1fc0164a2df059b2aa6a809ef503b9b6f8e505279e968cfc9bcb3890575510f9
server_preflight.sh	1585	061c12e8efd20ba93f23316c56ba294f68c02c1f99be94d3b8c1eaa23e23392e
test_adapter.py	2371	f8ef6c614778120664852c79a86391d1dffd003bde7ae52979a0010e24f0af47
test_data_protocol.py	626	2957af27de9e0028675834553f92e3a47a85c804e93fa861c84e189989c1b7ff
test_i2t.py	2295	6ad5046c321c4a44f27608dc9114af00569611e0166dad17a1dba7b52bcf187b
test_pretrained.py	2414	41eb9711d6f91f2d12578ff6e89fb1a2f0cb852d99326c48ab18c9cc84248348
test_prompts.py	4217	c070520b7888d92708dd2c8f40e6d4b9a3a7ebc1fa839b0e0dddc0802a051b32
test_quality_gate.py	770	5a671b6a4d41e4ca313b2fe346fd611a26cfb49bbadb302f9f882ed25f092c05
test_worker_ipc.py	1148	1f52b40df63737743ba8dc9369c683b1845825fbd504e255a37ddc02f15bb36c
test_xmodal_alignment.py	1854	08423748c6d34ea0c5654ae81ba5a9d5157c6caf89e444a064f9fa0a47b34f72
upstream/LICENSE	1086	7322fba8968b6d31b7c5fec50ed606833fbc1803b27bc55e23c9ad7fc31665aa
upstream/README.md	9973	05a9207244b58a511a5054c3475b99acbd61fd139a3f8b05efc8f7c0e60c8a53
upstream/config/__init__.py	203	58c66095d8ace89968230304426f22f536694c6f3a3952e8299de41d0f5367ee
upstream/config/defaults.py	8144	b6a59a3b6eeb3afc59c8e5e974e46d3f13f8cd3736c0203e45e9a64ccd0e62b4
upstream/config/defaults_base.py	6579	eb140808ad54e87707bdd31c5746903bbe838209f89c5affe845b524c22f4ea6
upstream/configs/VehicleID/cnn_base.yml	1143	60371a90d582ee04b18f1e519b9a71ea5b0080bb7440a504fd820322612f7533
upstream/configs/VehicleID/cnn_clipreid.yml	1509	9f2e3fcf940286ac058c7e02360a62b2f3736c92e336656f5c0f932395321d7e
upstream/configs/VehicleID/vit_base.yml	1181	5fb2c7bba49f04a89a2a735c4a73b811b9479d26b912a6790f3350013e26f0f4
upstream/configs/VehicleID/vit_clipreid.yml	1551	efafe44227a4b4921379f7b1f75552a569c87ba8e72e5e3ed2a1646dc7b09e81
upstream/configs/person/cnn_base.yml	1333	d2ce87469434c2cc753f796638a956173cab5d8bf356d1b1227dda5fbdc3ae03
upstream/configs/person/cnn_clipreid.yml	1721	ddada9d89c10d4125e93b509d77bc86d12491cc99ca51a4479713c25e902bb45
upstream/configs/person/vit_base.yml	1390	a0cec27654429a4b92a7962b96560f71e367d07c9d6a216510ac03b2147ce16b
upstream/configs/person/vit_clipreid.yml	1783	226a276c82a3754cbf732f9deae8fc0b24ff152115b0670acefe7d7dbde052b0
upstream/configs/veri/cnn_base.yml	1133	c29da426cbe068e4a5744ec8bac96bfb08e14faebb65347fea68dde227152b5d
upstream/configs/veri/cnn_prom.yml	1497	71226bcefd950b28f2593d33cae390db5f0812e39e8a7ef9f60d6f8b1757852c
upstream/configs/veri/vit_base.yml	1234	40555904d7257dcc5144e1eba2f155eacf7405757a505844b0fd71704685bbff
upstream/configs/veri/vit_prom.yml	1605	db217483e6dc3d2574aa059e97eda2e660031d90139b06e9736b9a0943aa8a4a
upstream/datasets/__init__.py	0	e3b0c44298fc1c149afbf4c8996fb92427ae41e4649b934ca495991b7852b855
upstream/datasets/bases.py	2942	40ee099a1865341e35496464612af2d867d0387222bcbbf77ff85165d850f740
upstream/datasets/dukemtmcreid.py	4377	b5342dd5b814a25b73a684a19f834e7e47dc3ec99437596848a19e70f1421199
upstream/datasets/make_dataloader.py	4531	9cf48e225c753e5865116eefa94bb5f4ec753b0e5d644dc2c46b27722ee2def4
upstream/datasets/make_dataloader_clipreid.py	4604	eb170b41620a105637ab635e0467f424559235487c538faec82ab719cd9996b5
upstream/datasets/market1501.py	3511	0401f476e228efd1a5de3c6c2b080ad2ccc3f078c625495e945b38924959efbe
upstream/datasets/msmt17.py	3437	20f3fcf82fb24ef6ace2753827a6709f4c8d8fe41fa4a3e203f08db417a9310c
upstream/datasets/occ_duke.py	4385	f554ec83749898d083d3dab950b4f8e5d6b18aeae712b9e7c9fddb26dc0e0c73
upstream/datasets/preprocessing.py	1838	c414708974168625f4b685946c2201497d152bc584dd5e41367f6217aa119cc9
upstream/datasets/sampler.py	2500	19a7e73ff6364a443fa13dddc9f6d4a2a5d0a3046357323d94280723cbc3e89a
upstream/datasets/sampler_ddp.py	7246	a00d201cd8d4ac1f3b152af2dc724a37f2aca88ce41d12450a4fa983930879e8
upstream/datasets/vehicleid.py	6600	02a25a43cc9040477a88efd1e7b3aa39732eace6df2614bd5e3d6e80274cc8ca
upstream/datasets/veri.py	4723	62bb987d4372a36bcac4b48ee9d6bc73cef6725ea9832930845396f53d734ec8
upstream/loss/__init__.py	28	87f95c5b73a693cb3ff7db8eec50c506e679f952971e87d068a4d37c41f20431
upstream/loss/arcface.py	3054	1791a4167d5d9afa972f6fb07737bb68755a3b495825890a67b2bee68090bd8c
upstream/loss/center_loss.py	2402	8e21747b894bc7f40040941ec1c34b4c85ca5fbea3f362fed7e87d032f8eec67
upstream/loss/make_loss.py	3743	f64f084b73cbcde658d7ae0acb4d2f9c6242fe4743ce27ed3cfd07151315b732
upstream/loss/metric_learning.py	7189	2ec4bbc55564c309c90985083948cfd9d569c4a29c581a599b9c166975a4b58b
upstream/loss/softmax_loss.py	2096	1912166d60105f8ff55dbc5301456a8c39690ac9eb1aaeabd026895704a7644d
upstream/loss/supcontrast.py	1156	a319112f12af564310a7d7c04bd3c88fbb049aef9230a5ba4dbf36182d3fdd30
upstream/loss/triplet_loss.py	4969	d2b89f608cbab15e91dbba1606c8b8b7c45275b918a1c83814d158cb812f463b
upstream/model/clip/__init__.py	21	f6ddc7cbe2e119c937398de04e4d064976cc0110c5618bc7312fa595967ae3b4
upstream/model/clip/bpe_simple_vocab_16e6.txt.gz	1356917	924691ac288e54409236115652ad4aa250f48203de50a9e4722a6ecd48d6804a
upstream/model/clip/clip.py	8582	c0f152e81422d2dab279d2ab010e89640757f4903f0ddde69a547d4ddff6ba52
upstream/model/clip/model.py	19618	e062699ff09884ab827625f3b8b0158cd6684de51e4a6a9f9a22ceb482606aac
upstream/model/clip/simple_tokenizer.py	4764	acf0cda10cad73193af7a0d7184364cca3139b7de464f163fd4953bf2648c608
upstream/model/make_model.py	6657	015f7d9e4d80de8a72e0dca49a8c7e0ffa4bfcad446b2d835b5a337770709a55
upstream/model/make_model_clipreid.py	10238	17d2d30cc898e23ff2131cf9dcd867beab57572930c734e8d7e6216c5227a5b4
upstream/processor/__init__.py	0	e3b0c44298fc1c149afbf4c8996fb92427ae41e4649b934ca495991b7852b855
upstream/processor/processor.py	8215	4178dae77fa42490de9bc51731fbc55e93d320d27a639c2891b81a5a0c878702
upstream/processor/processor_clipreid_stage1.py	3967	0b06cec0fce5251508e43deada9be0e400befe1816d7832268439ef84263abf7
upstream/processor/processor_clipreid_stage2.py	9144	eb532a1d64563100a5948d5eb0a0aea6bdb802237c320b2850c24edc52270710
upstream/solver/__init__.py	0	e3b0c44298fc1c149afbf4c8996fb92427ae41e4649b934ca495991b7852b855
upstream/solver/cosine_lr.py	4073	8f557daad01b5a69a72d3d434ef25dd2116d0101b740e21fc2a6a944f747cb30
upstream/solver/lr_scheduler.py	1917	823f44a6eef365de5b98c85e7cb2cfb6b88e9ad4bb543776677e1f817310b211
upstream/solver/make_optimizer.py	1240	51f89ed4c16794697b3d7401cd641390e4ff68ef5c7e5d9bd31c6e3f015b151d
upstream/solver/make_optimizer_prompt.py	2439	48b4d7759d00c947d4b093aa617849a6aaa7096913f500cc9f20505f8ec59c76
upstream/solver/scheduler.py	4855	6982d06076d71dfe5bc82922899eae5a76413f0a88a0689566dcb5dba41f10aa
upstream/solver/scheduler_factory.py	705	1ad58f30f011ce4c526de44995e371645b30f4a2b0affe0bacc347555dc6b278
upstream/test.py	2650	e05781555aa14a9a0e516dfc7a2edc31c0a1ea8e55acd1f81b63e07f7f985157
upstream/test_clipreid.py	2676	7c0697e7f2d5373983486e1c8c65700dd2ad85da4b710e6592f0115f0e22e843
upstream/train.py	3015	baaea26bda977d51155570cb35ae39a9316de798e1af0b825649f28792cabef3
upstream/train_clipreid.py	3760	d8dcb44c60dc3fa2b3edfcd1f31b2519e7bfe259efa3168b8f087ea1cb7d285c
upstream/utils/__init__.py	0	e3b0c44298fc1c149afbf4c8996fb92427ae41e4649b934ca495991b7852b855
upstream/utils/iotools.py	814	0adb6a9089370438f1cf8a7b023a1086fcb285ebe12ba9efeb2e5e19b652d227
upstream/utils/logger.py	840	3eeb1f72b34a45061a909df91662b598c53862f85793a6df458a570ab945e0b1
upstream/utils/meter.py	474	ed8a4219b5eee8f25a05ed695251a903c82b54468442a8788791bdacd8e9d036
upstream/utils/metrics.py	4813	fcc955a55b367aebf129481c0739afdf4738aacd0709a832be3cef571988729c
upstream/utils/reranking.py	4498	e7e9b9b34b44e71be8be04db75d277cbb9a9428612d194c409bc78edcbae723b
verify_results.py	10000	1e2a38fb85266ff5ec74a3770ffc9401a66531be8d15080bc6a9514dc7abc949
whu_adapter.py	4284	dba79b34f3a8c9508b080d91196672cf490d736b3291854ce17314962b30e2d6
whu_metrics.py	2515	5b55926ffa2a3cb7ddf52ff1e59ad04a9a6c62fd90962d3acad73347234864f0
xmodal_alignment.py	1655	d0605474830392212a40e485f527e8584df45e8878ae4d39f3b6377de1a3bac7
xmodal_alignment.sbatch	1306	f810b2e0448b26ca67da80972f0c56f0fe8e95a1a3b4303dacd43abc68e03dc0
xmodal_smoke.sbatch	1406	6baccdb334c24b496a0c7de21f15ccf03f2e41223c03219b22821b63e0576bfb
