epoch,mAP_percent,Rank1_percent,Rank5_percent,Rank10_percent,valid_queries,gallery
10,9.119944983340055,24.886807181889147,41.451990632318505,48.94613583138173,6405,93609
20,10.31907292019256,26.02654176424668,42.185792349726775,49.8360655737705,6405,93609
30,11.9053824999406,28.508977361436376,43.996877439500395,52.69320843091335,6405,93609
40,11.865380475073199,28.743169398907103,44.37158469945356,52.75565964090554,6405,93609
50,11.996231762464056,29.133489461358312,44.37158469945356,52.334113973458244,6405,93609
60,11.733473111813653,27.97814207650273,43.606557377049185,51.94379391100703,6405,93609
70,11.795185689039245,27.50975800156128,44.30913348946136,51.303669008587036,6405,93609
80,11.935775541918819,27.775175644028106,43.9344262295082,51.740827478532395,6405,93609
90,12.108595628510514,28.243559718969557,44.52771272443404,52.00624512099922,6405,93609
100,12.173761197073265,28.508977361436376,44.49648711943794,52.11553473848556,6405,93609
